<?xml version="1.0" encoding="UTF-8"?>
<soapenv:Envelope xmlns:soapenv="http://schemas.xmlsoap.org/soap/envelope/"
                  xmlns:com="http://common.webservice.optumrx.com"
                  xmlns:mem="http://member.webservice.optumrx.com">
   <soapenv:Header/>
   <soapenv:Body xmlns:wsu="http://docs.oasis-open.org/wss/2004/01/oasis-200401-wss-wssecurity-utility-1.0.xsd"
                 wsu:Id="id-2085C476AB4644719115476608822689">
      <mem:MemberFamilyLookupRequest>
         <!--Optional:-->         
         <mem:CustomerId>TEST</mem:CustomerId>
         <mem:UserId>USER_ID</mem:UserId>
         <mem:MemberId>84453938100</mem:MemberId>
         <mem:Dob>3423wew</mem:Dob>
         <mem:CarrierId>UHCACIS01</mem:CarrierId>
         <mem:AccountId>A</mem:AccountId>
         <mem:GroupId>070424400510051</mem:GroupId>
         <mem:FamilyIdScope>C</mem:FamilyIdScope>
         <!--Optional:-->
         <mem:ActiveInd>A</mem:ActiveInd>         
      </mem:MemberFamilyLookupRequest>
   </soapenv:Body>
</soapenv:Envelope>