<?xml version="1.0" encoding="UTF-8"?>
<soapenv:Envelope xmlns:soapenv="http://schemas.xmlsoap.org/soap/envelope/"
                  xmlns:xsd="http://www.w3.org/2001/XMLSchema"
                  xmlns:soapenc="http://schemas.xmlsoap.org/soap/encoding/"
                  xmlns:xsi="http://www.w3.org/2001/XMLSchema-instance">
   <soapenv:Header/>
   <soapenv:Body>
      <soapenv:Fault>
         <faultcode xmlns:p917="http://optumrxexception.webservice.optumrx.com">p917:&gt;WebServiceException</faultcode>
         <faultstring>==== WebService Exception ===

	 type=InvalidParameter
	 messages=Date of Birth is invalid, it should be in YYYYMMDD format</faultstring>
         <detail encodingStyle="">
            <p917:WebServiceException xmlns:p917="http://optumrxexception.webservice.optumrx.com">
               <type>InvalidParameter</type>
               <messages>Date of Birth is invalid, it should be in YYYYMMDD format</messages>
            </p917:WebServiceException>
         </detail>
      </soapenv:Fault>
   </soapenv:Body>
</soapenv:Envelope>