<?xml version="1.0" encoding="UTF-8"?>
<soapenv:Envelope xmlns:soapenv="http://schemas.xmlsoap.org/soap/envelope/"
                  xmlns:xsd="http://www.w3.org/2001/XMLSchema"
                  xmlns:soapenc="http://schemas.xmlsoap.org/soap/encoding/"
                  xmlns:xsi="http://www.w3.org/2001/XMLSchema-instance">
   <soapenv:Header/>
   <soapenv:Body>
      <p567:MemberFamilyLookupResponse xmlns:p567="http://member.webservice.optumrx.com">
         <p567:MemberFamilyLookupItems>
            <p567:MemberId>84453938103</p567:MemberId>
            <p567:CarrierId>UHCACIS01</p567:CarrierId>
            <p567:AccountId>A</p567:AccountId>
            <p567:GroupId>070424400510051</p567:GroupId>
            <p567:FamilyId>844539381</p567:FamilyId>
            <p567:FirstName>RAM</p567:FirstName>
            <p567:LastName>RASBERRY</p567:LastName>
            <p567:MiddleInitial/>
            <p567:RelationshipCode>3</p567:RelationshipCode>
            <p567:Dob>20021009</p567:Dob>
            <p567:Gender>M</p567:Gender>
            <p567:Address1>2510 CYNTHIA CT.</p567:Address1>
            <p567:Address2/>
            <p567:City>LEANDER</p567:City>
            <p567:State>TX</p567:State>
            <p567:Zip>78641</p567:Zip>
            <p567:Phone>0</p567:Phone>
            <p567:ActiveInd>A</p567:ActiveInd>
            <p567:AccessLevel>P</p567:AccessLevel>
            <p567:CallingMemberId>84453938100</p567:CallingMemberId>
         </p567:MemberFamilyLookupItems>
         <p567:MemberFamilyLookupItems>
            <p567:MemberId>96374174100</p567:MemberId>
            <p567:CarrierId>UHCACIS01</p567:CarrierId>
            <p567:AccountId>F</p567:AccountId>
            <p567:GroupId>071329000130013</p567:GroupId>
            <p567:FamilyId>844539381</p567:FamilyId>
            <p567:FirstName>AL</p567:FirstName>
            <p567:LastName>ACINO</p567:LastName>
            <p567:MiddleInitial/>
            <p567:RelationshipCode>2</p567:RelationshipCode>
            <p567:Dob>19740101</p567:Dob>
            <p567:Gender>M</p567:Gender>
            <p567:Address1>101 MAIN STREET</p567:Address1>
            <p567:Address2/>
            <p567:City>IRVINE</p567:City>
            <p567:State>CA</p567:State>
            <p567:Zip>92614</p567:Zip>
            <p567:Phone>0</p567:Phone>
            <p567:ActiveInd>A</p567:ActiveInd>
            <p567:AccessLevel>N</p567:AccessLevel>
            <p567:CallingMemberId>84453938100</p567:CallingMemberId>
         </p567:MemberFamilyLookupItems>
         <p567:MemberFamilyLookupItems>
            <p567:MemberId>84453938101</p567:MemberId>
            <p567:CarrierId>UHCACIS01</p567:CarrierId>
            <p567:AccountId>A</p567:AccountId>
            <p567:GroupId>070424400510051</p567:GroupId>
            <p567:FamilyId>844539381</p567:FamilyId>
            <p567:FirstName>REID</p567:FirstName>
            <p567:LastName>RASBERRY</p567:LastName>
            <p567:MiddleInitial>C</p567:MiddleInitial>
            <p567:RelationshipCode>3</p567:RelationshipCode>
            <p567:Dob>19920423</p567:Dob>
            <p567:Gender>M</p567:Gender>
            <p567:Address1>2510 CYNTHIA CT.</p567:Address1>
            <p567:Address2/>
            <p567:City>LEANDER</p567:City>
            <p567:State>TX</p567:State>
            <p567:Zip>78641</p567:Zip>
            <p567:Phone>0</p567:Phone>
            <p567:ActiveInd>A</p567:ActiveInd>
            <p567:AccessLevel>N</p567:AccessLevel>
            <p567:CallingMemberId>84453938100</p567:CallingMemberId>
         </p567:MemberFamilyLookupItems>
         <p567:MemberFamilyLookupItems>
            <p567:MemberId>84453938100</p567:MemberId>
            <p567:CarrierId>UHCACIS01</p567:CarrierId>
            <p567:AccountId>A</p567:AccountId>
            <p567:GroupId>070424400510051</p567:GroupId>
            <p567:FamilyId>844539381</p567:FamilyId>
            <p567:FirstName>RICKY</p567:FirstName>
            <p567:LastName>RASBERRY</p567:LastName>
            <p567:MiddleInitial>D</p567:MiddleInitial>
            <p567:RelationshipCode>1</p567:RelationshipCode>
            <p567:Dob>19620903</p567:Dob>
            <p567:Gender>M</p567:Gender>
            <p567:Address1>2510 CYNTHIA CT.</p567:Address1>
            <p567:Address2>ABCDEFGHI</p567:Address2>
            <p567:City>LEANDER</p567:City>
            <p567:State>TX</p567:State>
            <p567:Zip>78641</p567:Zip>
            <p567:Phone>1234567890</p567:Phone>
            <p567:ActiveInd>A</p567:ActiveInd>
            <p567:AccessLevel>A</p567:AccessLevel>
            <p567:CallingMemberId>84453938100</p567:CallingMemberId>
         </p567:MemberFamilyLookupItems>
         <p567:MemberFamilyLookupItems>
            <p567:MemberId>84453938102</p567:MemberId>
            <p567:CarrierId>UHCACIS01</p567:CarrierId>
            <p567:AccountId>A</p567:AccountId>
            <p567:GroupId>070424400510051</p567:GroupId>
            <p567:FamilyId>844539381</p567:FamilyId>
            <p567:FirstName>RAEGAN</p567:FirstName>
            <p567:LastName>RASBERRY</p567:LastName>
            <p567:MiddleInitial>L</p567:MiddleInitial>
            <p567:RelationshipCode>4</p567:RelationshipCode>
            <p567:Dob>19900806</p567:Dob>
            <p567:Gender>F</p567:Gender>
            <p567:Address1>2510 CYNTHIA CT.</p567:Address1>
            <p567:Address2/>
            <p567:City>LEANDER</p567:City>
            <p567:State>TX</p567:State>
            <p567:Zip>78641</p567:Zip>
            <p567:Phone>0</p567:Phone>
            <p567:ActiveInd>A</p567:ActiveInd>
            <p567:AccessLevel>N</p567:AccessLevel>
            <p567:CallingMemberId>84453938100</p567:CallingMemberId>
         </p567:MemberFamilyLookupItems>
         <p567:MemberFamilyLookupItems>
            <p567:MemberId>84453938107</p567:MemberId>
            <p567:CarrierId>UHCACIS01</p567:CarrierId>
            <p567:AccountId>A</p567:AccountId>
            <p567:GroupId>070424400510051</p567:GroupId>
            <p567:FamilyId>844539381</p567:FamilyId>
            <p567:FirstName>RUDU</p567:FirstName>
            <p567:LastName>RASBERRY</p567:LastName>
            <p567:MiddleInitial/>
            <p567:RelationshipCode>4</p567:RelationshipCode>
            <p567:Dob>19920101</p567:Dob>
            <p567:Gender>M</p567:Gender>
            <p567:Address1>2510 CYNTHIA CT.</p567:Address1>
            <p567:Address2/>
            <p567:City>LEANDER</p567:City>
            <p567:State>TX</p567:State>
            <p567:Zip>78641</p567:Zip>
            <p567:Phone>0</p567:Phone>
            <p567:ActiveInd>A</p567:ActiveInd>
            <p567:AccessLevel>N</p567:AccessLevel>
            <p567:CallingMemberId>84453938100</p567:CallingMemberId>
         </p567:MemberFamilyLookupItems>
         <p567:MemberFamilyLookupItems>
            <p567:MemberId>84453938110</p567:MemberId>
            <p567:CarrierId>UHCACIS01</p567:CarrierId>
            <p567:AccountId>A</p567:AccountId>
            <p567:GroupId>070424400510051</p567:GroupId>
            <p567:FamilyId>844539381</p567:FamilyId>
            <p567:FirstName>ADULT</p567:FirstName>
            <p567:LastName>RASBERRY</p567:LastName>
            <p567:MiddleInitial/>
            <p567:RelationshipCode>2</p567:RelationshipCode>
            <p567:Dob>19620903</p567:Dob>
            <p567:Gender>F</p567:Gender>
            <p567:Address1>2510 CYNTHIA CT.</p567:Address1>
            <p567:Address2/>
            <p567:City>LEANDER</p567:City>
            <p567:State>TX</p567:State>
            <p567:Zip>78641</p567:Zip>
            <p567:Phone>9899269672</p567:Phone>
            <p567:ActiveInd>A</p567:ActiveInd>
            <p567:AccessLevel>N</p567:AccessLevel>
            <p567:CallingMemberId>84453938100</p567:CallingMemberId>
         </p567:MemberFamilyLookupItems>
      </p567:MemberFamilyLookupResponse>
   </soapenv:Body>
</soapenv:Envelope>