{
  "roku": {
    "global": {
      "fcbc5b43-30a9-4904-b200-cdc4c44ba181": {
        "name": "HS-US_Roku_US_1",
        "deviceId": "R5CN105DQ8A",
        "deviceAddress": "R5CN105DQ8A@dev-us-pao-3-proxy-22-lin.headspin.io",
        "dutAddress": "X01000GNGE6T@dev-us-pao-20-proxy-3-lin.headspin.io",
        "deviceUserRegion": "us"
      },
      "b5755b4a-296f-495f-95f6-e9b06755cc22": {
        "name": "HS-US_Roku_US_2",
        "deviceId": "R5CN103J6YJ",
        "deviceAddress": "R5CN103J6YJ@dev-us-pao-3-proxy-22-lin.headspin.io",
        "dutAddress": "X010001XM2V7@dev-us-pao-20-proxy-3-lin.headspin.io",
        "deviceUserRegion": "us"
      },
      "d9d440ec-f505-4c83-b5ed-c3f1334cf017": {
        "name": "HS-US_Roku_US_3",
        "deviceId": "R5CN20XLSBR",
        "deviceAddress": "R5CN20XLSBR@dev-us-pao-3-proxy-22-lin.headspin.io",
        "dutAddress": "X01000XCPX65@dev-us-pao-20-proxy-3-lin.headspin.io",
        "deviceUserRegion": "us"
      },
      "e5ccc39e-fd31-42ca-8c39-ec9f8751b5f2": {
        "name": "HS-US_Roku_US_4",
        "deviceId": "R5CN1042G7V",
        "deviceAddress": "R5CN1042G7V@dev-us-pao-3-proxy-23-lin.headspin.io",
        "dutAddress": "X0100015VSS7@dev-us-pao-20-proxy-3-lin.headspin.io",
        "deviceUserRegion": "us"
      },
      "565f985a-98bf-45e9-affb-28a3efff6473": {
        "name": "HS-US_Roku_CA_1",
        "deviceId": "RFCT332HLSK",
        "deviceAddress": "RFCT332HLSK@dev-us-pao-20-proxy-2-lin.headspin.io",
        "dutAddress": "X01000J6W0LS@dev-us-pao-20-proxy-2-lin.headspin.io",
        "deviceUserRegion": "ca"
      },
      "5aab930f-6b9e-4ec7-9b78-539aff54dd68": {
        "name": "HS-US_Roku_BR_1",
        "deviceId": "RFCR607NMMM",
        "deviceAddress": "RFCR607NMMM@dev-us-pao-20-proxy-2-lin.headspin.io",
        "dutAddress": "X01000NR73W8@dev-us-pao-20-proxy-2-lin.headspin.io",
        "deviceUserRegion": "br"
      },
      "b9a4a601-a965-4a31-b4be-1fe2fe114343": {
        "name": "HS-US_Roku_GB_1",
        "deviceId": "RFCT33163YA",
        "deviceAddress": "RFCT33163YA@dev-us-pao-20-proxy-2-lin.headspin.io",
        "dutAddress": "X01000Y58T4C@dev-us-pao-20-proxy-3-lin.headspin.io",
        "deviceUserRegion": "gb"
      },
      "1a6860a1-8224-499a-8e66-3904859272d4": {
        "name": "HS-US_Roku_GB_2",
        "deviceId": "RFCRB1D0WJK",
        "deviceAddress": "RFCRB1D0WJK@dev-us-pao-3-proxy-24-lin.headspin.io",
        "dutAddress": "X01000GVA620@dev-us-pao-20-proxy-3-lin.headspin.io",
        "deviceUserRegion": "gb"
      },
      "e85277b6-56b1-402d-9afc-68bb15dbc634": {
        "name": "HS-US_Roku_GB_3",
        "deviceId": "RFCR91JC7ED",
        "deviceAddress": "RFCR91JC7ED@dev-us-pao-3-proxy-16-lin.headspin.io",
        "dutAddress": "X01000AR46WV@dev-us-pao-20-proxy-3-lin.headspin.io",
        "deviceUserRegion": "gb"
      },
      "608f5d7b-9fd6-4b94-81c5-9bd6a17a75ed": {
        "name": "HS-US_Roku_GB_4",
        "deviceId": "RFCR60GRSQW",
        "deviceAddress": "RFCR60GRSQW@dev-us-pao-3-proxy-16-lin.headspin.io",
        "dutAddress": "X010005TUC39@dev-us-pao-20-proxy-2-lin.headspin.io",
        "deviceUserRegion": "gb"
      },
      "6229ae52-0e72-4b59-8cf3-29f621f77c0d": {
        "name": "HS-US_Roku_GB_5",
        "deviceId": "RFCN102R4TL",
        "deviceAddress": "RFCN102R4TL@dev-us-pao-20-proxy-12-lin.headspin.io",
        "dutAddress": "X01000FY065H@dev-us-pao-20-proxy-2-lin.headspin.io",
        "deviceUserRegion": "gb"
      },
      "a4350d66-e95d-4a69-bc1c-b91767d064b9": {
        "name": "HS-US_Roku_IE_1",
        "deviceId": "RFCRC0GNDTX",
        "deviceAddress": "RFCRC0GNDTX@dev-us-pao-20-proxy-3-lin.headspin.io",
        "dutAddress": "X0100085VUE7@dev-us-pao-20-proxy-2-lin.headspin.io",
        "deviceUserRegion": "ie"
      },
      "59bf0d99-5812-4865-b9f9-57495c909ca9": {
        "name": "HS-US_Roku_DE_1",
        "deviceId": "RFCR6076JKT",
        "deviceAddress": "RFCR6076JKT@dev-us-pao-20-proxy-3-lin.headspin.io",
        "dutAddress": "X01000ECNHDD@dev-us-pao-20-proxy-3-lin.headspin.io",
        "deviceUserRegion": "de"
      }
    }
  },
  "samsung": {
    "global": {
      "8101ddc0-ee47-410c-873f-5165459499ac": {
        "name": "HS-US_SamsungTV_US_2",
        "deviceId": "RFCN902D7NL",
        "deviceAddress": "RFCN902D7NL@dev-us-pao-7-proxy-2-lin.headspin.io",
        "dutAddress": "0BRW3CTT304373J@dev-us-pao-20-proxy-9-lin.headspin.io"
      },
      "3afac177-3e53-492f-985a-b945deb8f68b": {
        "name": "HS-US_SamsungTV_US_3",
        "deviceId": "RFCNB009M4D",
        "deviceAddress": "RFCNB009M4D@dev-us-pao-7-proxy-2-lin.headspin.io",
        "dutAddress": "0BRW3CTT304369T@dev-us-pao-20-proxy-9-lin.headspin.io"
      },
      "982f1d28-5dc0-4a83-8d1a-76a527fc6035": {
        "name": "HS-US_SamsungTV_US_4",
        "deviceId": "RFCNB09K5EW",
        "deviceAddress": "RFCNB09K5EW@dev-us-pao-7-proxy-1-lin.headspin.io",
        "dutAddress": "0BRW3CARC00856M@dev-us-pao-20-proxy-9-lin.headspin.io"
      },
      "e67ea262-958c-427b-9226-9833b904dc08": {
        "name": "HS-US_SamsungTV_GB_1",
        "deviceId": "RFCT332JELR",
        "deviceAddress": "RFCT332JELR@dev-us-pao-7-proxy-1-lin.headspin.io",
        "dutAddress": "0BRW3CXRB11083D@dev-us-pao-20-proxy-9-lin.headspin.io"
      },
      "f127cd86-319b-46a6-afda-a6a4ca6c250c": {
        "name": "HS-US_SamsungTV_GB_2",
        "deviceId": "RFCNB0HXS2P",
        "deviceAddress": "RFCNB068DHM@dev-us-pao-7-proxy-1-lin.headspin.io",
        "dutAddress": "0BRK3CXT204563E@dev-us-pao-20-proxy-9-lin.headspin.io"
      },
      "87c8f931-afa6-409c-956e-8dcb443cf95d": {
        "name": "HS-US_SamsungTV_GB_3",
        "deviceId": "RFCNB068DHM",
        "deviceAddress": "RFCNB0HXS2P@dev-us-pao-7-proxy-1-lin.headspin.io",
        "dutAddress": "0BRK3CYRA00103P@dev-us-pao-20-proxy-9-lin.headspin.io"
      },
      "73e1ea19-9c82-4c7c-b496-45264bac798e": {
        "name": "HS-US_SamsungTV_GB_4",
        "deviceId": "RFCN90LFDBT",
        "deviceAddress": "RFCN90LFDBT@dev-us-pao-7-proxy-1-lin.headspin.io",
        "dutAddress": "0BRK3CXRA07S3SR@dev-us-pao-20-proxy-9-lin.headspin.io"
      },
      "15253f68-ca59-4206-8b9d-d5ebcc8aba7b": {
        "name": "HS-US_SamsungTV_GB_5",
        "deviceId": "RFCR10A19CY",
        "deviceAddress": "RFCR10A19CY@dev-us-pao-7-proxy-1-lin.headspin.io",
        "dutAddress": "0BRK3CTRA00070L@dev-us-pao-20-proxy-9-lin.headspin.io"
      },
      "414197b7-59ec-492a-b62e-b0ad03f5136f": {
        "name": "HS-US_SamsungTV_GB_6",
        "deviceId": "RFCT3315YJY",
        "deviceAddress": "RFCT3315YJY@dev-us-pao-7-proxy-1-lin.headspin.io",
        "dutAddress": "0BRW3CTT3043372A@dev-us-pao-20-proxy-9-lin.headspin.io"
      }
    }
  },
  "xbox": {
    "global": {
      "ae906c3c-796a-4989-9b00-55cbd7d0e908": {
        "name": "HS-US_Xbox_US_1",
        "deviceId": "RFCR40XVA9W",
        "deviceAddress": "RFCR40XVA9W@dev-us-pao-20-proxy-12-lin.headspin.io",
        "dutAddress": "120995214817@dev-us-pao-20-proxy-9-lin.headspin.io"
      },
      "0c2ad8d9-eb8a-4a8d-b561-735b3bceca99": {
        "name": "HS-US_Xbox_US_2",
        "deviceId": "RFCN3002ADX",
        "deviceAddress": "RFCN3002ADX@dev-us-pao-20-proxy-12-lin.headspin.io",
        "dutAddress": "026034220717@dev-us-pao-20-proxy-9-lin.headspin.io"
      },
      "43e68c77-5699-457b-8780-f78b980998e5": {
        "name": "HS-US_Xbox_US_3",
        "deviceId": "RFCR90KCL7R",
        "deviceAddress": "RFCR90KCL7R@dev-us-pao-20-proxy-10-lin.headspin.io",
        "dutAddress": "121002214817@dev-us-pao-20-proxy-9-lin.headspin.io"
      },
      "da027f69-a27f-4c61-be99-6cdc820654df": {
        "name": "HS-US_Xbox_US_4",
        "deviceId": "R5CR209GTEF",
        "deviceAddress": "R5CR209GTEF@dev-us-pao-20-proxy-10-lin.headspin.io",
        "dutAddress": "133252214817@dev-us-pao-20-proxy-9-lin.headspin.io"
      },
      "b037e5d4-ddea-4a67-a005-68b82aa14669": {
        "name": "HS-US_Xbox_US_5",
        "deviceId": "RFCR915CT4A",
        "deviceAddress": "RFCR915CT4A@dev-us-pao-20-proxy-10-lin.headspin.io",
        "dutAddress": "133361214817@dev-us-pao-20-proxy-9-lin.headspin.io"
      },
      "18060ab6-e027-4618-927d-c850744f2c56": {
        "name": "HS-US_Xbox_CA_1",
        "deviceId": "RFCNA0KJBRY",
        "deviceAddress": "RFCNA0KJBRY@dev-us-pao-7-proxy-29-lin.headspin.io",
        "dutAddress": "059876214917@dev-us-pao-20-proxy-9-lin.headspin.io"
      },
      "3fc48a58-e2c5-4461-ab30-fbaaabc18625": {
        "name": "HS-US_Xbox_CA_2",
        "deviceId": "RFCN90NRS9Z",
        "deviceAddress": "RFCN90NRS9Z@dev-us-pao-7-proxy-29-lin.headspin.io",
        "dutAddress": "059942214917@dev-us-pao-20-proxy-9-lin.headspin.io"
      },
      "1c9b7e86-b647-43ff-82fc-ad424f41b994": {
        "name": "HS-US_Xbox_CA_3",
        "deviceId": "RFCNB0CBBEX",
        "deviceAddress": "RFCNB0CBBEX@dev-us-pao-7-proxy-29-lin.headspin.io",
        "dutAddress": "059862214917@dev-us-pao-20-proxy-9-lin.headspin.io"
      },
      "0b68b4a7-14d9-4efa-9ce2-b0e1281ba48b": {
        "name": "HS-US_Xbox_CA_4",
        "deviceId": "RFCRB0YFPXW",
        "deviceAddress": "RFCRB0YFPXW@dev-us-pao-20-proxy-10-lin.headspin.io",
        "dutAddress": "001755212117@dev-us-pao-20-proxy-9-lin.headspin.io"
      }
    }
  },
  "lg": {
    "global": {
      "6fed4418-830c-4744-9586-00b0812dc5d2": {
        "name": "HS-US_LGTV_1",
        "deviceId": "RFCNA0XJY4Y",
        "deviceAddress": "RFCNA0XJY4Y@dev-us-pao-7-proxy-2-lin.headspin.io",
        "dutAddress": "111RMSS8A502@dev-us-pao-20-proxy-9-lin.headspin.io"
      },
      "91bd8edd-d726-48dc-bb5a-df6e29885df2": {
        "name": "HS-CA_LGTV_CA_2",
        "deviceId": "R3CR40XYLFW",
        "deviceAddress": "R3CR40XYLFW@dev-ca-tor-2-proxy-19-lin.headspin.io",
        "dutAddress": "101MXUNDM110@dev-ca-tor-2-proxy-14-lin.headspin.io"
      },
      "9d7e36eb-0bbc-442a-980b-04301454965e": {
        "name": "HS-CA_LGTV_CA_3",
        "deviceId": "R5CR30WD28B",
        "deviceAddress": "R5CR30WD28B@dev-ca-tor-2-proxy-19-lin.headspin.io",
        "dutAddress": "107MXZJ2Y533@dev-ca-tor-2-proxy-14-lin.headspin.io"
      },
      "0c5a25c9-e4ae-47c5-8bba-c5acf812ad1a": {
        "name": "HS-CA_LGTV_CA_4",
        "deviceId": "R3CR203BE4H",
        "deviceAddress": "R3CR203BE4H@dev-ca-tor-2-proxy-19-lin.headspin.io",
        "dutAddress": "107MXZJ2Y533@dev-ca-tor-2-proxy-14-lin.headspin.io"
      }
    }
  },
  "vizio": {
    "global": {
      "48057cd8-de0b-45e4-9a14-66b6d62d3c59": {
        "name": "HS-US_VizioTV_7",
        "deviceId": "RFCT317R4HM",
        "deviceAddress": "RFCT317R4HM@dev-us-pao-20-proxy-26-lin.headspin.io",
        "dutAddress": "LINIK4KY2007935@dev-us-pao-20-proxy-26-lin.headspin.io"
      },
      "3d034b01-8b28-4779-95ec-f118387a1a96": {
        "name": "HS-US_VizioTV_6",
        "deviceId": "RFCT317R5FB",
        "deviceAddress": "RFCT317R5FB@dev-us-pao-20-proxy-28-lin.headspin.io",
        "dutAddress": "LBVAM4LY3001855@dev-us-pao-20-proxy-28-lin.headspin.io"
      },
      "6fb0fcdb-0cab-4ef1-bfc2-956f04402d22": {
        "name": "HS-US_VizioTV_5",
        "deviceId": "RFCT317S32F",
        "deviceAddress": "RFCT317S32F@dev-us-pao-20-proxy-28-lin.headspin.io",
        "dutAddress": "42LTYWH6PY50036@dev-us-pao-20-proxy-28-lin.headspin.io"
      },
      "bb9b5651-1dc4-4993-bba7-e33d088ec30b": {
        "name": "HS-US_VizioTV_4",
        "deviceId": "RFCT317S21N",
        "deviceAddress": "RFCT317S21N@dev-us-pao-20-proxy-28-lin.headspin.io",
        "dutAddress": "42LTYWH6PY50047@dev-us-pao-20-proxy-28-lin.headspin.io"
      },
      "ba850899-1a9b-4cf5-9da9-b8db441a9ed0": {
        "name": "HS-US_VizioTV_3",
        "deviceId": "R5CT51FEJWW",
        "deviceAddress": "R5CT51FEJWW@dev-us-pao-20-proxy-26-lin.headspin.io",
        "dutAddress": "LTYWH6PY4250018@dev-us-pao-20-proxy-26-lin.headspin.io"
      },
      "306cc517-f3db-4b4b-bc67-68100a2ed9d7": {
        "name": "HS-US_VizioTV_2",
        "deviceId": "R5CT51FHE0M",
        "deviceAddress": "R5CT51FHE0M@dev-us-pao-20-proxy-28-lin.headspin.io",
        "dutAddress": "LINIK4KY1603583@dev-us-pao-20-proxy-28-lin.headspin.io"
      },
      "b1ac9677-e7e0-4e9d-929e-09ba1d1be282": {
        "name": "HS-US_VizioTV_1",
        "deviceId": "R5CT51FEA9Z",
        "deviceAddress": "R5CT51FEA9Z@dev-us-pao-7-proxy-2-lin.headspin.io",
        "dutAddress": "45LTP5E6KX52769@dev-us-pao-20-proxy-9-lin.headspin.io"
      },
      "30b2c30a-5271-4449-a1d3-b59c1d333094": {
        "name": "HS-CA_VizioTV_CA_1",
        "deviceId": "RFCN702A2RJ",
        "deviceAddress": "RFCN702A2RJ@dev-ca-tor-2-proxy-17-lin.headspin.io",
        "dutAddress": "LIAIF9LX3003164@dev-ca-tor-2-proxy-17-lin.headspin.io"
      },
      "96e4e7e7-ac20-4c13-8d1d-106f5a186c66": {
        "name": "HS-CA_VizioTV_CA_2",
        "deviceId": "R5CR121DE2P",
        "deviceAddress": "R5CR121DE2P@dev-ca-tor-2-proxy-17-lin.headspin.io",
        "dutAddress": "LBVAQPMW4600571@dev-ca-tor-2-proxy-14-lin.headspin.io"
      }
    }
  },
  "nowtv": {
    "gb": {
    }
  }
}
