{
  "testMatch": ["**/*.test.(js|ts)"],
  "roots": ["tests"],
  "preset": "ts-jest/presets/js-with-ts",
  "collectCoverage": true,
  "collectCoverageFrom": ["./lib/**", "./support/**", "./tasks/**"],
  "coveragePathIgnorePatterns": [
    "lib/cucumberDefinition.js",
    "tasks/index.js",
    "tasks/headspin.js",
    "tasks/suitest.js",
    "tasks/utilsTasks.js",
    "tasks/gherkin_lint.js",
    "tasks/jsStandards.js",
    "support/capabilities",
    "support/index.js",
    "support/colors.js",
    "support/remoteDeviceUtilities.js",
    "support/utilities.js",
    "support/hookFunction.js",
    "support/headspin.js",
    "support/remoteDevices.js",
    "support/report.js",
    "support/hooks.js",
    "support/testdataHelper.js",
    "support/stringOverrides.js",
    "support/suitest.js",
    "support/platform",
    "support/browserStackUtil.js",
    "support/Client.js",
    "support/paths.js",
    "support/hs_config.json",
    "support/remoteDevices.json",
    "support/handleExit.js"
  ],
  "coverageThreshold": {
    "global": {
      "lines": 90
    }
  }
}
